{"cameraMode":{"drawMode":0,"name":"Shaded","section":"Shading Mode"},"sceneLighting":false,"audioPlay":false,"sceneViewState":{"showFog":true,"showMaterialUpdate":false,"showSkybox":false,"showFlares":true,"showImageEffects":true,"showParticleSystems":true},"in2DMode":false,"pivot":{"x":0.0000011920928955078126,"y":1.99979567527771,"z":1.5000500679016114},"rotation":{"x":0.19752538204193116,"y":-0.6577100157737732,"z":0.18479222059249879,"w":0.7030367255210877},"size":322.94976806640627,"orthographic":false}