{"cameraMode":{"drawMode":0,"name":"Shaded","section":"Shading Mode"},"sceneLighting":false,"audioPlay":false,"sceneViewState":{"showFog":true,"showMaterialUpdate":false,"showSkybox":false,"showFlares":true,"showImageEffects":true,"showParticleSystems":true},"in2DMode":false,"pivot":{"x":0.35109764337539675,"y":0.5286095142364502,"z":0.037256479263305667},"rotation":{"x":-0.15599603950977326,"y":-0.754097044467926,"z":0.19341464340686799,"w":-0.6080182790756226},"size":2.1111793518066408,"orthographic":false}