{"cameraMode":{"drawMode":0,"name":"Shaded","section":"Shading Mode"},"sceneLighting":true,"audioPlay":false,"sceneViewState":{"showFog":true,"showMaterialUpdate":false,"showSkybox":false,"showFlares":true,"showImageEffects":true,"showParticleSystems":true},"in2DMode":false,"pivot":{"x":46.14580535888672,"y":14.662918090820313,"z":-7.999295234680176},"rotation":{"x":-0.05962878465652466,"y":0.6487678289413452,"z":-0.05109964683651924,"w":-0.756934642791748},"size":0.7937145829200745,"orthographic":false}