{"cameraMode":{"drawMode":0,"name":"Shaded","section":"Shading Mode"},"sceneLighting":false,"audioPlay":false,"sceneViewState":{"showFog":true,"showMaterialUpdate":false,"showSkybox":false,"showFlares":true,"showImageEffects":true,"showParticleSystems":true},"in2DMode":false,"pivot":{"x":1.5000001192092896,"y":-0.0625,"z":1.499999761581421},"rotation":{"x":-0.14153742790222169,"y":0.8211894035339356,"z":-0.23152858018875123,"w":-0.5020070672035217},"size":0.922249972820282,"orthographic":false}